Loan_ID,Gender,Married,Dependents,Education,Self_Employed,ApplicantIncome,CoapplicantIncome,LoanAmount,Loan_Amount_Term,Credit_History,Property_Area,Loan_Status,cust_id
LP001002,Male,No,0,Graduate,No,5849,0,,360,1,Urban,Y,cust_1
LP001003,Male,Yes,1,Graduate,No,4583,1508,128,360,1,Rural,N,cust_2
LP001005,Male,Yes,0,Graduate,Yes,3000,0,66,360,1,Urban,Y,cust_3
LP001006,Male,Yes,0,Not Graduate,No,2583,2358,120,360,1,Urban,Y,cust_4
LP001008,Male,No,0,Graduate,No,6000,0,141,360,1,Urban,Y,cust_5
LP001011,Male,Yes,2,Graduate,Yes,5417,4196,267,360,1,Urban,Y,cust_6
LP001013,Male,Yes,0,Not Graduate,No,2333,1516,95,360,1,Urban,Y,cust_7
LP001014,Male,Yes,3+,Graduate,No,3036,2504,158,360,0,Semiurban,N,cust_8
LP001018,Male,Yes,2,Graduate,No,4006,1526,168,360,1,Urban,Y,cust_9
LP001020,Male,Yes,1,Graduate,No,12841,10968,349,360,1,Semiurban,N,cust_10
LP001024,Male,Yes,2,Graduate,No,3200,700,70,360,1,Urban,Y,cust_11
LP001027,Male,Yes,2,Graduate,,2500,1840,109,360,1,Urban,Y,cust_12
LP001028,Male,Yes,2,Graduate,No,3073,8106,200,360,1,Urban,Y,cust_13
LP001029,Male,No,0,Graduate,No,1853,2840,114,360,1,Rural,N,cust_14
LP001030,Male,Yes,2,Graduate,No,1299,1086,17,120,1,Urban,Y,cust_15
LP001032,Male,No,0,Graduate,No,4950,0,125,360,1,Urban,Y,cust_16
LP001034,Male,No,1,Not Graduate,No,3596,0,100,240,,Urban,Y,cust_17
LP001036,Female,No,0,Graduate,No,3510,0,76,360,0,Urban,N,cust_18
LP001038,Male,Yes,0,Not Graduate,No,4887,0,133,360,1,Rural,N,cust_19
LP001041,Male,Yes,0,Graduate,,2600,3500,115,,1,Urban,Y,cust_20
LP001043,Male,Yes,0,Not Graduate,No,7660,0,104,360,0,Urban,N,cust_21
LP001046,Male,Yes,1,Graduate,No,5955,5625,315,360,1,Urban,Y,cust_22
LP001047,Male,Yes,0,Not Graduate,No,2600,1911,116,360,0,Semiurban,N,cust_23
LP001050,,Yes,2,Not Graduate,No,3365,1917,112,360,0,Rural,N,cust_24
LP001052,Male,Yes,1,Graduate,,3717,2925,151,360,,Semiurban,N,cust_25
LP001066,Male,Yes,0,Graduate,Yes,9560,0,191,360,1,Semiurban,Y,cust_26
LP001068,Male,Yes,0,Graduate,No,2799,2253,122,360,1,Semiurban,Y,cust_27
LP001073,Male,Yes,2,Not Graduate,No,4226,1040,110,360,1,Urban,Y,cust_28
LP001086,Male,No,0,Not Graduate,No,1442,0,35,360,1,Urban,N,cust_29
LP001087,Female,No,2,Graduate,,3750,2083,120,360,1,Semiurban,Y,cust_30
LP001091,Male,Yes,1,Graduate,,4166,3369,201,360,,Urban,N,cust_31
LP001095,Male,No,0,Graduate,No,3167,0,74,360,1,Urban,N,cust_32
LP001097,Male,No,1,Graduate,Yes,4692,0,106,360,1,Rural,N,cust_33
LP001098,Male,Yes,0,Graduate,No,3500,1667,114,360,1,Semiurban,Y,cust_34
LP001100,Male,No,3+,Graduate,No,12500,3000,320,360,1,Rural,N,cust_35
LP001106,Male,Yes,0,Graduate,No,2275,2067,,360,1,Urban,Y,cust_36
LP001109,Male,Yes,0,Graduate,No,1828,1330,100,,0,Urban,N,cust_37
LP001112,Female,Yes,0,Graduate,No,3667,1459,144,360,1,Semiurban,Y,cust_38
LP001114,Male,No,0,Graduate,No,4166,7210,184,360,1,Urban,Y,cust_39
LP001116,Male,No,0,Not Graduate,No,3748,1668,110,360,1,Semiurban,Y,cust_40
LP001119,Male,No,0,Graduate,No,3600,0,80,360,1,Urban,N,cust_41
LP001120,Male,No,0,Graduate,No,1800,1213,47,360,1,Urban,Y,cust_42
LP001123,Male,Yes,0,Graduate,No,2400,0,75,360,,Urban,Y,cust_43
LP001131,Male,Yes,0,Graduate,No,3941,2336,134,360,1,Semiurban,Y,cust_44
LP001136,Male,Yes,0,Not Graduate,Yes,4695,0,96,,1,Urban,Y,cust_45
LP001137,Female,No,0,Graduate,No,3410,0,88,,1,Urban,Y,cust_46
LP001138,Male,Yes,1,Graduate,No,5649,0,44,360,1,Urban,Y,cust_47
LP001144,Male,Yes,0,Graduate,No,5821,0,144,360,1,Urban,Y,cust_48
LP001146,Female,Yes,0,Graduate,No,2645,3440,120,360,0,Urban,N,cust_49
LP001151,Female,No,0,Graduate,No,4000,2275,144,360,1,Semiurban,Y,cust_50
LP001155,Female,Yes,0,Not Graduate,No,1928,1644,100,360,1,Semiurban,Y,cust_51
LP001157,Female,No,0,Graduate,No,3086,0,120,360,1,Semiurban,Y,cust_52
LP001164,Female,No,0,Graduate,No,4230,0,112,360,1,Semiurban,N,cust_53
LP001179,Male,Yes,2,Graduate,No,4616,0,134,360,1,Urban,N,cust_54
LP001186,Female,Yes,1,Graduate,Yes,11500,0,286,360,0,Urban,N,cust_55
LP001194,Male,Yes,2,Graduate,No,2708,1167,97,360,1,Semiurban,Y,cust_56
LP001195,Male,Yes,0,Graduate,No,2132,1591,96,360,1,Semiurban,Y,cust_57
LP001197,Male,Yes,0,Graduate,No,3366,2200,135,360,1,Rural,N,cust_58
LP001198,Male,Yes,1,Graduate,No,8080,2250,180,360,1,Urban,Y,cust_59
LP001199,Male,Yes,2,Not Graduate,No,3357,2859,144,360,1,Urban,Y,cust_60
LP001205,Male,Yes,0,Graduate,No,2500,3796,120,360,1,Urban,Y,cust_61
LP001206,Male,Yes,3+,Graduate,No,3029,0,99,360,1,Urban,Y,cust_62
LP001207,Male,Yes,0,Not Graduate,Yes,2609,3449,165,180,0,Rural,N,cust_63
LP001213,Male,Yes,1,Graduate,No,4945,0,,360,0,Rural,N,cust_64
LP001222,Female,No,0,Graduate,No,4166,0,116,360,0,Semiurban,N,cust_65
LP001225,Male,Yes,0,Graduate,No,5726,4595,258,360,1,Semiurban,N,cust_66
LP001228,Male,No,0,Not Graduate,No,3200,2254,126,180,0,Urban,N,cust_67
LP001233,Male,Yes,1,Graduate,No,10750,0,312,360,1,Urban,Y,cust_68
LP001238,Male,Yes,3+,Not Graduate,Yes,7100,0,125,60,1,Urban,Y,cust_69
LP001241,Female,No,0,Graduate,No,4300,0,136,360,0,Semiurban,N,cust_70
LP001243,Male,Yes,0,Graduate,No,3208,3066,172,360,1,Urban,Y,cust_71
LP001245,Male,Yes,2,Not Graduate,Yes,1875,1875,97,360,1,Semiurban,Y,cust_72
LP001248,Male,No,0,Graduate,No,3500,0,81,300,1,Semiurban,Y,cust_73
LP001250,Male,Yes,3+,Not Graduate,No,4755,0,95,,0,Semiurban,N,cust_74
LP001253,Male,Yes,3+,Graduate,Yes,5266,1774,187,360,1,Semiurban,Y,cust_75
LP001255,Male,No,0,Graduate,No,3750,0,113,480,1,Urban,N,cust_76
LP001256,Male,No,0,Graduate,No,3750,4750,176,360,1,Urban,N,cust_77
LP001259,Male,Yes,1,Graduate,Yes,1000,3022,110,360,1,Urban,N,cust_78
LP001263,Male,Yes,3+,Graduate,No,3167,4000,180,300,0,Semiurban,N,cust_79
LP001264,Male,Yes,3+,Not Graduate,Yes,3333,2166,130,360,,Semiurban,Y,cust_80
LP001265,Female,No,0,Graduate,No,3846,0,111,360,1,Semiurban,Y,cust_81
LP001266,Male,Yes,1,Graduate,Yes,2395,0,,360,1,Semiurban,Y,cust_82
LP001267,Female,Yes,2,Graduate,No,1378,1881,167,360,1,Urban,N,cust_83
LP001273,Male,Yes,0,Graduate,No,6000,2250,265,360,,Semiurban,N,cust_84
LP001275,Male,Yes,1,Graduate,No,3988,0,50,240,1,Urban,Y,cust_85
LP001279,Male,No,0,Graduate,No,2366,2531,136,360,1,Semiurban,Y,cust_86
LP001280,Male,Yes,2,Not Graduate,No,3333,2000,99,360,,Semiurban,Y,cust_87
LP001282,Male,Yes,0,Graduate,No,2500,2118,104,360,1,Semiurban,Y,cust_88
LP001289,Male,No,0,Graduate,No,8566,0,210,360,1,Urban,Y,cust_89
LP001310,Male,Yes,0,Graduate,No,5695,4167,175,360,1,Semiurban,Y,cust_90
LP001316,Male,Yes,0,Graduate,No,2958,2900,131,360,1,Semiurban,Y,cust_91
LP001318,Male,Yes,2,Graduate,No,6250,5654,188,180,1,Semiurban,Y,cust_92
LP001319,Male,Yes,2,Not Graduate,No,3273,1820,81,360,1,Urban,Y,cust_93
LP001322,Male,No,0,Graduate,No,4133,0,122,360,1,Semiurban,Y,cust_94
LP001325,Male,No,0,Not Graduate,No,3620,0,25,120,1,Semiurban,Y,cust_95
LP001326,Male,No,0,Graduate,,6782,0,,360,,Urban,N,cust_96
LP001327,Female,Yes,0,Graduate,No,2484,2302,137,360,1,Semiurban,Y,cust_97
LP001333,Male,Yes,0,Graduate,No,1977,997,50,360,1,Semiurban,Y,cust_98
LP001334,Male,Yes,0,Not Graduate,No,4188,0,115,180,1,Semiurban,Y,cust_99
LP001343,Male,Yes,0,Graduate,No,1759,3541,131,360,1,Semiurban,Y,cust_100
LP001345,Male,Yes,2,Not Graduate,No,4288,3263,133,180,1,Urban,Y,cust_101
LP001349,Male,No,0,Graduate,No,4843,3806,151,360,1,Semiurban,Y,cust_102
LP001350,Male,Yes,,Graduate,No,13650,0,,360,1,Urban,Y,cust_103
LP001356,Male,Yes,0,Graduate,No,4652,3583,,360,1,Semiurban,Y,cust_104
LP001357,Male,,,Graduate,No,3816,754,160,360,1,Urban,Y,cust_105
LP001367,Male,Yes,1,Graduate,No,3052,1030,100,360,1,Urban,Y,cust_106
LP001369,Male,Yes,2,Graduate,No,11417,1126,225,360,1,Urban,Y,cust_107
LP001370,Male,No,0,Not Graduate,,7333,0,120,360,1,Rural,N,cust_108
LP001379,Male,Yes,2,Graduate,No,3800,3600,216,360,0,Urban,N,cust_109
LP001384,Male,Yes,3+,Not Graduate,No,2071,754,94,480,1,Semiurban,Y,cust_110
LP001385,Male,No,0,Graduate,No,5316,0,136,360,1,Urban,Y,cust_111
LP001387,Female,Yes,0,Graduate,,2929,2333,139,360,1,Semiurban,Y,cust_112
LP001391,Male,Yes,0,Not Graduate,No,3572,4114,152,,0,Rural,N,cust_113
LP001392,Female,No,1,Graduate,Yes,7451,0,,360,1,Semiurban,Y,cust_114
LP001398,Male,No,0,Graduate,,5050,0,118,360,1,Semiurban,Y,cust_115
LP001401,Male,Yes,1,Graduate,No,14583,0,185,180,1,Rural,Y,cust_116
LP001404,Female,Yes,0,Graduate,No,3167,2283,154,360,1,Semiurban,Y,cust_117
LP001405,Male,Yes,1,Graduate,No,2214,1398,85,360,,Urban,Y,cust_118
LP001421,Male,Yes,0,Graduate,No,5568,2142,175,360,1,Rural,N,cust_119
LP001422,Female,No,0,Graduate,No,10408,0,259,360,1,Urban,Y,cust_120
LP001426,Male,Yes,,Graduate,No,5667,2667,180,360,1,Rural,Y,cust_121
LP001430,Female,No,0,Graduate,No,4166,0,44,360,1,Semiurban,Y,cust_122
LP001431,Female,No,0,Graduate,No,2137,8980,137,360,0,Semiurban,Y,cust_123
LP001432,Male,Yes,2,Graduate,No,2957,0,81,360,1,Semiurban,Y,cust_124
LP001439,Male,Yes,0,Not Graduate,No,4300,2014,194,360,1,Rural,Y,cust_125
LP001443,Female,No,0,Graduate,No,3692,0,93,360,,Rural,Y,cust_126
LP001448,,Yes,3+,Graduate,No,23803,0,370,360,1,Rural,Y,cust_127
LP001449,Male,No,0,Graduate,No,3865,1640,,360,1,Rural,Y,cust_128
LP001451,Male,Yes,1,Graduate,Yes,10513,3850,160,180,0,Urban,N,cust_129
LP001465,Male,Yes,0,Graduate,No,6080,2569,182,360,,Rural,N,cust_130
LP001469,Male,No,0,Graduate,Yes,20166,0,650,480,,Urban,Y,cust_131
LP001473,Male,No,0,Graduate,No,2014,1929,74,360,1,Urban,Y,cust_132
LP001478,Male,No,0,Graduate,No,2718,0,70,360,1,Semiurban,Y,cust_133
LP001482,Male,Yes,0,Graduate,Yes,3459,0,25,120,1,Semiurban,Y,cust_134
LP001487,Male,No,0,Graduate,No,4895,0,102,360,1,Semiurban,Y,cust_135
LP001488,Male,Yes,3+,Graduate,No,4000,7750,290,360,1,Semiurban,N,cust_136
LP001489,Female,Yes,0,Graduate,No,4583,0,84,360,1,Rural,N,cust_137
LP001491,Male,Yes,2,Graduate,Yes,3316,3500,88,360,1,Urban,Y,cust_138
LP001492,Male,No,0,Graduate,No,14999,0,242,360,0,Semiurban,N,cust_139
LP001493,Male,Yes,2,Not Graduate,No,4200,1430,129,360,1,Rural,N,cust_140
LP001497,Male,Yes,2,Graduate,No,5042,2083,185,360,1,Rural,N,cust_141
LP001498,Male,No,0,Graduate,No,5417,0,168,360,1,Urban,Y,cust_142
LP001504,Male,No,0,Graduate,Yes,6950,0,175,180,1,Semiurban,Y,cust_143
LP001507,Male,Yes,0,Graduate,No,2698,2034,122,360,1,Semiurban,Y,cust_144
LP001508,Male,Yes,2,Graduate,No,11757,0,187,180,1,Urban,Y,cust_145
LP001514,Female,Yes,0,Graduate,No,2330,4486,100,360,1,Semiurban,Y,cust_146
LP001516,Female,Yes,2,Graduate,No,14866,0,70,360,1,Urban,Y,cust_147
LP001518,Male,Yes,1,Graduate,No,1538,1425,30,360,1,Urban,Y,cust_148
LP001519,Female,No,0,Graduate,No,10000,1666,225,360,1,Rural,N,cust_149
LP001520,Male,Yes,0,Graduate,No,4860,830,125,360,1,Semiurban,Y,cust_150
LP001528,Male,No,0,Graduate,No,6277,0,118,360,0,Rural,N,cust_151
LP001529,Male,Yes,0,Graduate,Yes,2577,3750,152,360,1,Rural,Y,cust_152
LP001531,Male,No,0,Graduate,No,9166,0,244,360,1,Urban,N,cust_153
LP001532,Male,Yes,2,Not Graduate,No,2281,0,113,360,1,Rural,N,cust_154
LP001535,Male,No,0,Graduate,No,3254,0,50,360,1,Urban,Y,cust_155
LP001536,Male,Yes,3+,Graduate,No,39999,0,600,180,0,Semiurban,Y,cust_156
LP001541,Male,Yes,1,Graduate,No,6000,0,160,360,,Rural,Y,cust_157
LP001543,Male,Yes,1,Graduate,No,9538,0,187,360,1,Urban,Y,cust_158
LP001546,Male,No,0,Graduate,,2980,2083,120,360,1,Rural,Y,cust_159
LP001552,Male,Yes,0,Graduate,No,4583,5625,255,360,1,Semiurban,Y,cust_160
LP001560,Male,Yes,0,Not Graduate,No,1863,1041,98,360,1,Semiurban,Y,cust_161
LP001562,Male,Yes,0,Graduate,No,7933,0,275,360,1,Urban,N,cust_162
LP001565,Male,Yes,1,Graduate,No,3089,1280,121,360,0,Semiurban,N,cust_163
LP001570,Male,Yes,2,Graduate,No,4167,1447,158,360,1,Rural,Y,cust_164
LP001572,Male,Yes,0,Graduate,No,9323,0,75,180,1,Urban,Y,cust_165
LP001574,Male,Yes,0,Graduate,No,3707,3166,182,,1,Rural,Y,cust_166
LP001577,Female,Yes,0,Graduate,No,4583,0,112,360,1,Rural,N,cust_167
LP001578,Male,Yes,0,Graduate,No,2439,3333,129,360,1,Rural,Y,cust_168
LP001579,Male,No,0,Graduate,No,2237,0,63,480,0,Semiurban,N,cust_169
LP001580,Male,Yes,2,Graduate,No,8000,0,200,360,1,Semiurban,Y,cust_170
LP001581,Male,Yes,0,Not Graduate,,1820,1769,95,360,1,Rural,Y,cust_171
LP001585,,Yes,3+,Graduate,No,51763,0,700,300,1,Urban,Y,cust_172
LP001586,Male,Yes,3+,Not Graduate,No,3522,0,81,180,1,Rural,N,cust_173
LP001594,Male,Yes,0,Graduate,No,5708,5625,187,360,1,Semiurban,Y,cust_174
LP001603,Male,Yes,0,Not Graduate,Yes,4344,736,87,360,1,Semiurban,N,cust_175
LP001606,Male,Yes,0,Graduate,No,3497,1964,116,360,1,Rural,Y,cust_176
LP001608,Male,Yes,2,Graduate,No,2045,1619,101,360,1,Rural,Y,cust_177
LP001610,Male,Yes,3+,Graduate,No,5516,11300,495,360,0,Semiurban,N,cust_178
LP001616,Male,Yes,1,Graduate,No,3750,0,116,360,1,Semiurban,Y,cust_179
LP001630,Male,No,0,Not Graduate,No,2333,1451,102,480,0,Urban,N,cust_180
LP001633,Male,Yes,1,Graduate,No,6400,7250,180,360,0,Urban,N,cust_181
LP001634,Male,No,0,Graduate,No,1916,5063,67,360,,Rural,N,cust_182
LP001636,Male,Yes,0,Graduate,No,4600,0,73,180,1,Semiurban,Y,cust_183
LP001637,Male,Yes,1,Graduate,No,33846,0,260,360,1,Semiurban,N,cust_184
LP001639,Female,Yes,0,Graduate,No,3625,0,108,360,1,Semiurban,Y,cust_185
LP001640,Male,Yes,0,Graduate,Yes,39147,4750,120,360,1,Semiurban,Y,cust_186
LP001641,Male,Yes,1,Graduate,Yes,2178,0,66,300,0,Rural,N,cust_187
LP001643,Male,Yes,0,Graduate,No,2383,2138,58,360,,Rural,Y,cust_188
LP001644,,Yes,0,Graduate,Yes,674,5296,168,360,1,Rural,Y,cust_189
LP001647,Male,Yes,0,Graduate,No,9328,0,188,180,1,Rural,Y,cust_190
LP001653,Male,No,0,Not Graduate,No,4885,0,48,360,1,Rural,Y,cust_191
LP001656,Male,No,0,Graduate,No,12000,0,164,360,1,Semiurban,N,cust_192
LP001657,Male,Yes,0,Not Graduate,No,6033,0,160,360,1,Urban,N,cust_193
LP001658,Male,No,0,Graduate,No,3858,0,76,360,1,Semiurban,Y,cust_194
LP001664,Male,No,0,Graduate,No,4191,0,120,360,1,Rural,Y,cust_195
LP001665,Male,Yes,1,Graduate,No,3125,2583,170,360,1,Semiurban,N,cust_196
LP001666,Male,No,0,Graduate,No,8333,3750,187,360,1,Rural,Y,cust_197
LP001669,Female,No,0,Not Graduate,No,1907,2365,120,,1,Urban,Y,cust_198
LP001671,Female,Yes,0,Graduate,No,3416,2816,113,360,,Semiurban,Y,cust_199
LP001673,Male,No,0,Graduate,Yes,11000,0,83,360,1,Urban,N,cust_200
LP001674,Male,Yes,1,Not Graduate,No,2600,2500,90,360,1,Semiurban,Y,cust_201
LP001677,Male,No,2,Graduate,No,4923,0,166,360,0,Semiurban,Y,cust_202
LP001682,Male,Yes,3+,Not Graduate,No,3992,0,,180,1,Urban,N,cust_203
LP001688,Male,Yes,1,Not Graduate,No,3500,1083,135,360,1,Urban,Y,cust_204
LP001691,Male,Yes,2,Not Graduate,No,3917,0,124,360,1,Semiurban,Y,cust_205
LP001692,Female,No,0,Not Graduate,No,4408,0,120,360,1,Semiurban,Y,cust_206
LP001693,Female,No,0,Graduate,No,3244,0,80,360,1,Urban,Y,cust_207
LP001698,Male,No,0,Not Graduate,No,3975,2531,55,360,1,Rural,Y,cust_208
LP001699,Male,No,0,Graduate,No,2479,0,59,360,1,Urban,Y,cust_209
LP001702,Male,No,0,Graduate,No,3418,0,127,360,1,Semiurban,N,cust_210
LP001708,Female,No,0,Graduate,No,10000,0,214,360,1,Semiurban,N,cust_211
LP001711,Male,Yes,3+,Graduate,No,3430,1250,128,360,0,Semiurban,N,cust_212
LP001713,Male,Yes,1,Graduate,Yes,7787,0,240,360,1,Urban,Y,cust_213
LP001715,Male,Yes,3+,Not Graduate,Yes,5703,0,130,360,1,Rural,Y,cust_214
LP001716,Male,Yes,0,Graduate,No,3173,3021,137,360,1,Urban,Y,cust_215
LP001720,Male,Yes,3+,Not Graduate,No,3850,983,100,360,1,Semiurban,Y,cust_216
LP001722,Male,Yes,0,Graduate,No,150,1800,135,360,1,Rural,N,cust_217
LP001726,Male,Yes,0,Graduate,No,3727,1775,131,360,1,Semiurban,Y,cust_218
LP001732,Male,Yes,2,Graduate,,5000,0,72,360,0,Semiurban,N,cust_219
LP001734,Female,Yes,2,Graduate,No,4283,2383,127,360,,Semiurban,Y,cust_220
LP001736,Male,Yes,0,Graduate,No,2221,0,60,360,0,Urban,N,cust_221
LP001743,Male,Yes,2,Graduate,No,4009,1717,116,360,1,Semiurban,Y,cust_222
LP001744,Male,No,0,Graduate,No,2971,2791,144,360,1,Semiurban,Y,cust_223
LP001749,Male,Yes,0,Graduate,No,7578,1010,175,,1,Semiurban,Y,cust_224
LP001750,Male,Yes,0,Graduate,No,6250,0,128,360,1,Semiurban,Y,cust_225
LP001751,Male,Yes,0,Graduate,No,3250,0,170,360,1,Rural,N,cust_226
LP001754,Male,Yes,,Not Graduate,Yes,4735,0,138,360,1,Urban,N,cust_227
LP001758,Male,Yes,2,Graduate,No,6250,1695,210,360,1,Semiurban,Y,cust_228
LP001760,Male,,,Graduate,No,4758,0,158,480,1,Semiurban,Y,cust_229
LP001761,Male,No,0,Graduate,Yes,6400,0,200,360,1,Rural,Y,cust_230
LP001765,Male,Yes,1,Graduate,No,2491,2054,104,360,1,Semiurban,Y,cust_231
LP001768,Male,Yes,0,Graduate,,3716,0,42,180,1,Rural,Y,cust_232
LP001770,Male,No,0,Not Graduate,No,3189,2598,120,,1,Rural,Y,cust_233
LP001776,Female,No,0,Graduate,No,8333,0,280,360,1,Semiurban,Y,cust_234
LP001778,Male,Yes,1,Graduate,No,3155,1779,140,360,1,Semiurban,Y,cust_235
LP001784,Male,Yes,1,Graduate,No,5500,1260,170,360,1,Rural,Y,cust_236
LP001786,Male,Yes,0,Graduate,,5746,0,255,360,,Urban,N,cust_237
LP001788,Female,No,0,Graduate,Yes,3463,0,122,360,,Urban,Y,cust_238
LP001790,Female,No,1,Graduate,No,3812,0,112,360,1,Rural,Y,cust_239
LP001792,Male,Yes,1,Graduate,No,3315,0,96,360,1,Semiurban,Y,cust_240
LP001798,Male,Yes,2,Graduate,No,5819,5000,120,360,1,Rural,Y,cust_241
LP001800,Male,Yes,1,Not Graduate,No,2510,1983,140,180,1,Urban,N,cust_242
LP001806,Male,No,0,Graduate,No,2965,5701,155,60,1,Urban,Y,cust_243
LP001807,Male,Yes,2,Graduate,Yes,6250,1300,108,360,1,Rural,Y,cust_244
LP001811,Male,Yes,0,Not Graduate,No,3406,4417,123,360,1,Semiurban,Y,cust_245
LP001813,Male,No,0,Graduate,Yes,6050,4333,120,180,1,Urban,N,cust_246
LP001814,Male,Yes,2,Graduate,No,9703,0,112,360,1,Urban,Y,cust_247
LP001819,Male,Yes,1,Not Graduate,No,6608,0,137,180,1,Urban,Y,cust_248
LP001824,Male,Yes,1,Graduate,No,2882,1843,123,480,1,Semiurban,Y,cust_249
LP001825,Male,Yes,0,Graduate,No,1809,1868,90,360,1,Urban,Y,cust_250
LP001835,Male,Yes,0,Not Graduate,No,1668,3890,201,360,0,Semiurban,N,cust_251
LP001836,Female,No,2,Graduate,No,3427,0,138,360,1,Urban,N,cust_252
LP001841,Male,No,0,Not Graduate,Yes,2583,2167,104,360,1,Rural,Y,cust_253
LP001843,Male,Yes,1,Not Graduate,No,2661,7101,279,180,1,Semiurban,Y,cust_254
LP001844,Male,No,0,Graduate,Yes,16250,0,192,360,0,Urban,N,cust_255
LP001846,Female,No,3+,Graduate,No,3083,0,255,360,1,Rural,Y,cust_256
LP001849,Male,No,0,Not Graduate,No,6045,0,115,360,0,Rural,N,cust_257
LP001854,Male,Yes,3+,Graduate,No,5250,0,94,360,1,Urban,N,cust_258
LP001859,Male,Yes,0,Graduate,No,14683,2100,304,360,1,Rural,N,cust_259
LP001864,Male,Yes,3+,Not Graduate,No,4931,0,128,360,,Semiurban,N,cust_260
LP001865,Male,Yes,1,Graduate,No,6083,4250,330,360,,Urban,Y,cust_261
LP001868,Male,No,0,Graduate,No,2060,2209,134,360,1,Semiurban,Y,cust_262
LP001870,Female,No,1,Graduate,No,3481,0,155,36,1,Semiurban,N,cust_263
LP001871,Female,No,0,Graduate,No,7200,0,120,360,1,Rural,Y,cust_264
LP001872,Male,No,0,Graduate,Yes,5166,0,128,360,1,Semiurban,Y,cust_265
LP001875,Male,No,0,Graduate,No,4095,3447,151,360,1,Rural,Y,cust_266
LP001877,Male,Yes,2,Graduate,No,4708,1387,150,360,1,Semiurban,Y,cust_267
LP001882,Male,Yes,3+,Graduate,No,4333,1811,160,360,0,Urban,Y,cust_268
LP001883,Female,No,0,Graduate,,3418,0,135,360,1,Rural,N,cust_269
LP001884,Female,No,1,Graduate,No,2876,1560,90,360,1,Urban,Y,cust_270
LP001888,Female,No,0,Graduate,No,3237,0,30,360,1,Urban,Y,cust_271
LP001891,Male,Yes,0,Graduate,No,11146,0,136,360,1,Urban,Y,cust_272
LP001892,Male,No,0,Graduate,No,2833,1857,126,360,1,Rural,Y,cust_273
LP001894,Male,Yes,0,Graduate,No,2620,2223,150,360,1,Semiurban,Y,cust_274
LP001896,Male,Yes,2,Graduate,No,3900,0,90,360,1,Semiurban,Y,cust_275
LP001900,Male,Yes,1,Graduate,No,2750,1842,115,360,1,Semiurban,Y,cust_276
LP001903,Male,Yes,0,Graduate,No,3993,3274,207,360,1,Semiurban,Y,cust_277
LP001904,Male,Yes,0,Graduate,No,3103,1300,80,360,1,Urban,Y,cust_278
LP001907,Male,Yes,0,Graduate,No,14583,0,436,360,1,Semiurban,Y,cust_279
LP001908,Female,Yes,0,Not Graduate,No,4100,0,124,360,,Rural,Y,cust_280
LP001910,Male,No,1,Not Graduate,Yes,4053,2426,158,360,0,Urban,N,cust_281
LP001914,Male,Yes,0,Graduate,No,3927,800,112,360,1,Semiurban,Y,cust_282
LP001915,Male,Yes,2,Graduate,No,2301,985.7999878,78,180,1,Urban,Y,cust_283
LP001917,Female,No,0,Graduate,No,1811,1666,54,360,1,Urban,Y,cust_284
LP001922,Male,Yes,0,Graduate,No,20667,0,,360,1,Rural,N,cust_285
LP001924,Male,No,0,Graduate,No,3158,3053,89,360,1,Rural,Y,cust_286
LP001925,Female,No,0,Graduate,Yes,2600,1717,99,300,1,Semiurban,N,cust_287
LP001926,Male,Yes,0,Graduate,No,3704,2000,120,360,1,Rural,Y,cust_288
LP001931,Female,No,0,Graduate,No,4124,0,115,360,1,Semiurban,Y,cust_289
LP001935,Male,No,0,Graduate,No,9508,0,187,360,1,Rural,Y,cust_290
LP001936,Male,Yes,0,Graduate,No,3075,2416,139,360,1,Rural,Y,cust_291
LP001938,Male,Yes,2,Graduate,No,4400,0,127,360,0,Semiurban,N,cust_292
LP001940,Male,Yes,2,Graduate,No,3153,1560,134,360,1,Urban,Y,cust_293
LP001945,Female,No,,Graduate,No,5417,0,143,480,0,Urban,N,cust_294
LP001947,Male,Yes,0,Graduate,No,2383,3334,172,360,1,Semiurban,Y,cust_295
LP001949,Male,Yes,3+,Graduate,,4416,1250,110,360,1,Urban,Y,cust_296
LP001953,Male,Yes,1,Graduate,No,6875,0,200,360,1,Semiurban,Y,cust_297
LP001954,Female,Yes,1,Graduate,No,4666,0,135,360,1,Urban,Y,cust_298
LP001955,Female,No,0,Graduate,No,5000,2541,151,480,1,Rural,N,cust_299
LP001963,Male,Yes,1,Graduate,No,2014,2925,113,360,1,Urban,N,cust_300
LP001964,Male,Yes,0,Not Graduate,No,1800,2934,93,360,0,Urban,N,cust_301
LP001972,Male,Yes,,Not Graduate,No,2875,1750,105,360,1,Semiurban,Y,cust_302
LP001974,Female,No,0,Graduate,No,5000,0,132,360,1,Rural,Y,cust_303
LP001977,Male,Yes,1,Graduate,No,1625,1803,96,360,1,Urban,Y,cust_304
LP001978,Male,No,0,Graduate,No,4000,2500,140,360,1,Rural,Y,cust_305
LP001990,Male,No,0,Not Graduate,No,2000,0,,360,1,Urban,N,cust_306
LP001993,Female,No,0,Graduate,No,3762,1666,135,360,1,Rural,Y,cust_307
LP001994,Female,No,0,Graduate,No,2400,1863,104,360,0,Urban,N,cust_308
LP001996,Male,No,0,Graduate,No,20233,0,480,360,1,Rural,N,cust_309
LP001998,Male,Yes,2,Not Graduate,No,7667,0,185,360,,Rural,Y,cust_310
LP002002,Female,No,0,Graduate,No,2917,0,84,360,1,Semiurban,Y,cust_311
LP002004,Male,No,0,Not Graduate,No,2927,2405,111,360,1,Semiurban,Y,cust_312
LP002006,Female,No,0,Graduate,No,2507,0,56,360,1,Rural,Y,cust_313
LP002008,Male,Yes,2,Graduate,Yes,5746,0,144,84,,Rural,Y,cust_314
LP002024,,Yes,0,Graduate,No,2473,1843,159,360,1,Rural,N,cust_315
LP002031,Male,Yes,1,Not Graduate,No,3399,1640,111,180,1,Urban,Y,cust_316
LP002035,Male,Yes,2,Graduate,No,3717,0,120,360,1,Semiurban,Y,cust_317
LP002036,Male,Yes,0,Graduate,No,2058,2134,88,360,,Urban,Y,cust_318
LP002043,Female,No,1,Graduate,No,3541,0,112,360,,Semiurban,Y,cust_319
LP002050,Male,Yes,1,Graduate,Yes,10000,0,155,360,1,Rural,N,cust_320
LP002051,Male,Yes,0,Graduate,No,2400,2167,115,360,1,Semiurban,Y,cust_321
LP002053,Male,Yes,3+,Graduate,No,4342,189,124,360,1,Semiurban,Y,cust_322
LP002054,Male,Yes,2,Not Graduate,No,3601,1590,,360,1,Rural,Y,cust_323
LP002055,Female,No,0,Graduate,No,3166,2985,132,360,,Rural,Y,cust_324
LP002065,Male,Yes,3+,Graduate,No,15000,0,300,360,1,Rural,Y,cust_325
LP002067,Male,Yes,1,Graduate,Yes,8666,4983,376,360,0,Rural,N,cust_326
LP002068,Male,No,0,Graduate,No,4917,0,130,360,0,Rural,Y,cust_327
LP002082,Male,Yes,0,Graduate,Yes,5818,2160,184,360,1,Semiurban,Y,cust_328
LP002086,Female,Yes,0,Graduate,No,4333,2451,110,360,1,Urban,N,cust_329
LP002087,Female,No,0,Graduate,No,2500,0,67,360,1,Urban,Y,cust_330
LP002097,Male,No,1,Graduate,No,4384,1793,117,360,1,Urban,Y,cust_331
LP002098,Male,No,0,Graduate,No,2935,0,98,360,1,Semiurban,Y,cust_332
LP002100,Male,No,,Graduate,No,2833,0,71,360,1,Urban,Y,cust_333
LP002101,Male,Yes,0,Graduate,,63337,0,490,180,1,Urban,Y,cust_334
LP002103,,Yes,1,Graduate,Yes,9833,1833,182,180,1,Urban,Y,cust_335
LP002106,Male,Yes,,Graduate,Yes,5503,4490,70,,1,Semiurban,Y,cust_336
LP002110,Male,Yes,1,Graduate,,5250,688,160,360,1,Rural,Y,cust_337
LP002112,Male,Yes,2,Graduate,Yes,2500,4600,176,360,1,Rural,Y,cust_338
LP002113,Female,No,3+,Not Graduate,No,1830,0,,360,0,Urban,N,cust_339
LP002114,Female,No,0,Graduate,No,4160,0,71,360,1,Semiurban,Y,cust_340
LP002115,Male,Yes,3+,Not Graduate,No,2647,1587,173,360,1,Rural,N,cust_341
LP002116,Female,No,0,Graduate,No,2378,0,46,360,1,Rural,N,cust_342
LP002119,Male,Yes,1,Not Graduate,No,4554,1229,158,360,1,Urban,Y,cust_343
LP002126,Male,Yes,3+,Not Graduate,No,3173,0,74,360,1,Semiurban,Y,cust_344
LP002128,Male,Yes,2,Graduate,,2583,2330,125,360,1,Rural,Y,cust_345
LP002129,Male,Yes,0,Graduate,No,2499,2458,160,360,1,Semiurban,Y,cust_346
LP002130,Male,Yes,,Not Graduate,No,3523,3230,152,360,0,Rural,N,cust_347
LP002131,Male,Yes,2,Not Graduate,No,3083,2168,126,360,1,Urban,Y,cust_348
LP002137,Male,Yes,0,Graduate,No,6333,4583,259,360,,Semiurban,Y,cust_349
LP002138,Male,Yes,0,Graduate,No,2625,6250,187,360,1,Rural,Y,cust_350
LP002139,Male,Yes,0,Graduate,No,9083,0,228,360,1,Semiurban,Y,cust_351
LP002140,Male,No,0,Graduate,No,8750,4167,308,360,1,Rural,N,cust_352
LP002141,Male,Yes,3+,Graduate,No,2666,2083,95,360,1,Rural,Y,cust_353
LP002142,Female,Yes,0,Graduate,Yes,5500,0,105,360,0,Rural,N,cust_354
LP002143,Female,Yes,0,Graduate,No,2423,505,130,360,1,Semiurban,Y,cust_355
LP002144,Female,No,,Graduate,No,3813,0,116,180,1,Urban,Y,cust_356
LP002149,Male,Yes,2,Graduate,No,8333,3167,165,360,1,Rural,Y,cust_357
LP002151,Male,Yes,1,Graduate,No,3875,0,67,360,1,Urban,N,cust_358
LP002158,Male,Yes,0,Not Graduate,No,3000,1666,100,480,0,Urban,N,cust_359
LP002160,Male,Yes,3+,Graduate,No,5167,3167,200,360,1,Semiurban,Y,cust_360
LP002161,Female,No,1,Graduate,No,4723,0,81,360,1,Semiurban,N,cust_361
LP002170,Male,Yes,2,Graduate,No,5000,3667,236,360,1,Semiurban,Y,cust_362
LP002175,Male,Yes,0,Graduate,No,4750,2333,130,360,1,Urban,Y,cust_363
LP002178,Male,Yes,0,Graduate,No,3013,3033,95,300,,Urban,Y,cust_364
LP002180,Male,No,0,Graduate,Yes,6822,0,141,360,1,Rural,Y,cust_365
LP002181,Male,No,0,Not Graduate,No,6216,0,133,360,1,Rural,N,cust_366
LP002187,Male,No,0,Graduate,No,2500,0,96,480,1,Semiurban,N,cust_367
LP002188,Male,No,0,Graduate,No,5124,0,124,,0,Rural,N,cust_368
LP002190,Male,Yes,1,Graduate,No,6325,0,175,360,1,Semiurban,Y,cust_369
LP002191,Male,Yes,0,Graduate,No,19730,5266,570,360,1,Rural,N,cust_370
LP002194,Female,No,0,Graduate,Yes,15759,0,55,360,1,Semiurban,Y,cust_371
LP002197,Male,Yes,2,Graduate,No,5185,0,155,360,1,Semiurban,Y,cust_372
LP002201,Male,Yes,2,Graduate,Yes,9323,7873,380,300,1,Rural,Y,cust_373
LP002205,Male,No,1,Graduate,No,3062,1987,111,180,0,Urban,N,cust_374
LP002209,Female,No,0,Graduate,,2764,1459,110,360,1,Urban,Y,cust_375
LP002211,Male,Yes,0,Graduate,No,4817,923,120,180,1,Urban,Y,cust_376
LP002219,Male,Yes,3+,Graduate,No,8750,4996,130,360,1,Rural,Y,cust_377
LP002223,Male,Yes,0,Graduate,No,4310,0,130,360,,Semiurban,Y,cust_378
LP002224,Male,No,0,Graduate,No,3069,0,71,480,1,Urban,N,cust_379
LP002225,Male,Yes,2,Graduate,No,5391,0,130,360,1,Urban,Y,cust_380
LP002226,Male,Yes,0,Graduate,,3333,2500,128,360,1,Semiurban,Y,cust_381
LP002229,Male,No,0,Graduate,No,5941,4232,296,360,1,Semiurban,Y,cust_382
LP002231,Female,No,0,Graduate,No,6000,0,156,360,1,Urban,Y,cust_383
LP002234,Male,No,0,Graduate,Yes,7167,0,128,360,1,Urban,Y,cust_384
LP002236,Male,Yes,2,Graduate,No,4566,0,100,360,1,Urban,N,cust_385
LP002237,Male,No,1,Graduate,,3667,0,113,180,1,Urban,Y,cust_386
LP002239,Male,No,0,Not Graduate,No,2346,1600,132,360,1,Semiurban,Y,cust_387
LP002243,Male,Yes,0,Not Graduate,No,3010,3136,,360,0,Urban,N,cust_388
LP002244,Male,Yes,0,Graduate,No,2333,2417,136,360,1,Urban,Y,cust_389
LP002250,Male,Yes,0,Graduate,No,5488,0,125,360,1,Rural,Y,cust_390
LP002255,Male,No,3+,Graduate,No,9167,0,185,360,1,Rural,Y,cust_391
LP002262,Male,Yes,3+,Graduate,No,9504,0,275,360,1,Rural,Y,cust_392
LP002263,Male,Yes,0,Graduate,No,2583,2115,120,360,,Urban,Y,cust_393
LP002265,Male,Yes,2,Not Graduate,No,1993,1625,113,180,1,Semiurban,Y,cust_394
LP002266,Male,Yes,2,Graduate,No,3100,1400,113,360,1,Urban,Y,cust_395
LP002272,Male,Yes,2,Graduate,No,3276,484,135,360,,Semiurban,Y,cust_396
LP002277,Female,No,0,Graduate,No,3180,0,71,360,0,Urban,N,cust_397
LP002281,Male,Yes,0,Graduate,No,3033,1459,95,360,1,Urban,Y,cust_398
LP002284,Male,No,0,Not Graduate,No,3902,1666,109,360,1,Rural,Y,cust_399
LP002287,Female,No,0,Graduate,No,1500,1800,103,360,0,Semiurban,N,cust_400
LP002288,Male,Yes,2,Not Graduate,No,2889,0,45,180,0,Urban,N,cust_401
LP002296,Male,No,0,Not Graduate,No,2755,0,65,300,1,Rural,N,cust_402
LP002297,Male,No,0,Graduate,No,2500,20000,103,360,1,Semiurban,Y,cust_403
LP002300,Female,No,0,Not Graduate,No,1963,0,53,360,1,Semiurban,Y,cust_404
LP002301,Female,No,0,Graduate,Yes,7441,0,194,360,1,Rural,N,cust_405
LP002305,Female,No,0,Graduate,No,4547,0,115,360,1,Semiurban,Y,cust_406
LP002308,Male,Yes,0,Not Graduate,No,2167,2400,115,360,1,Urban,Y,cust_407
LP002314,Female,No,0,Not Graduate,No,2213,0,66,360,1,Rural,Y,cust_408
LP002315,Male,Yes,1,Graduate,No,8300,0,152,300,0,Semiurban,N,cust_409
LP002317,Male,Yes,3+,Graduate,No,81000,0,360,360,0,Rural,N,cust_410
LP002318,Female,No,1,Not Graduate,Yes,3867,0,62,360,1,Semiurban,N,cust_411
LP002319,Male,Yes,0,Graduate,,6256,0,160,360,,Urban,Y,cust_412
LP002328,Male,Yes,0,Not Graduate,No,6096,0,218,360,0,Rural,N,cust_413
LP002332,Male,Yes,0,Not Graduate,No,2253,2033,110,360,1,Rural,Y,cust_414
LP002335,Female,Yes,0,Not Graduate,No,2149,3237,178,360,0,Semiurban,N,cust_415
LP002337,Female,No,0,Graduate,No,2995,0,60,360,1,Urban,Y,cust_416
LP002341,Female,No,1,Graduate,No,2600,0,160,360,1,Urban,N,cust_417
LP002342,Male,Yes,2,Graduate,Yes,1600,20000,239,360,1,Urban,N,cust_418
LP002345,Male,Yes,0,Graduate,No,1025,2773,112,360,1,Rural,Y,cust_419
LP002347,Male,Yes,0,Graduate,No,3246,1417,138,360,1,Semiurban,Y,cust_420
LP002348,Male,Yes,0,Graduate,No,5829,0,138,360,1,Rural,Y,cust_421
LP002357,Female,No,0,Not Graduate,No,2720,0,80,,0,Urban,N,cust_422
LP002361,Male,Yes,0,Graduate,No,1820,1719,100,360,1,Urban,Y,cust_423
LP002362,Male,Yes,1,Graduate,No,7250,1667,110,,0,Urban,N,cust_424
LP002364,Male,Yes,0,Graduate,No,14880,0,96,360,1,Semiurban,Y,cust_425
LP002366,Male,Yes,0,Graduate,No,2666,4300,121,360,1,Rural,Y,cust_426
LP002367,Female,No,1,Not Graduate,No,4606,0,81,360,1,Rural,N,cust_427
LP002368,Male,Yes,2,Graduate,No,5935,0,133,360,1,Semiurban,Y,cust_428
LP002369,Male,Yes,0,Graduate,No,2920,16.12000084,87,360,1,Rural,Y,cust_429
LP002370,Male,No,0,Not Graduate,No,2717,0,60,180,1,Urban,Y,cust_430
LP002377,Female,No,1,Graduate,Yes,8624,0,150,360,1,Semiurban,Y,cust_431
LP002379,Male,No,0,Graduate,No,6500,0,105,360,0,Rural,N,cust_432
LP002386,Male,No,0,Graduate,,12876,0,405,360,1,Semiurban,Y,cust_433
LP002387,Male,Yes,0,Graduate,No,2425,2340,143,360,1,Semiurban,Y,cust_434
LP002390,Male,No,0,Graduate,No,3750,0,100,360,1,Urban,Y,cust_435
LP002393,Female,,,Graduate,No,10047,0,,240,1,Semiurban,Y,cust_436
LP002398,Male,No,0,Graduate,No,1926,1851,50,360,1,Semiurban,Y,cust_437
LP002401,Male,Yes,0,Graduate,No,2213,1125,,360,1,Urban,Y,cust_438
LP002403,Male,No,0,Graduate,Yes,10416,0,187,360,0,Urban,N,cust_439
LP002407,Female,Yes,0,Not Graduate,Yes,7142,0,138,360,1,Rural,Y,cust_440
LP002408,Male,No,0,Graduate,No,3660,5064,187,360,1,Semiurban,Y,cust_441
LP002409,Male,Yes,0,Graduate,No,7901,1833,180,360,1,Rural,Y,cust_442
LP002418,Male,No,3+,Not Graduate,No,4707,1993,148,360,1,Semiurban,Y,cust_443
LP002422,Male,No,1,Graduate,No,37719,0,152,360,1,Semiurban,Y,cust_444
LP002424,Male,Yes,0,Graduate,No,7333,8333,175,300,,Rural,Y,cust_445
LP002429,Male,Yes,1,Graduate,Yes,3466,1210,130,360,1,Rural,Y,cust_446
LP002434,Male,Yes,2,Not Graduate,No,4652,0,110,360,1,Rural,Y,cust_447
LP002435,Male,Yes,0,Graduate,,3539,1376,55,360,1,Rural,N,cust_448
LP002443,Male,Yes,2,Graduate,No,3340,1710,150,360,0,Rural,N,cust_449
LP002444,Male,No,1,Not Graduate,Yes,2769,1542,190,360,,Semiurban,N,cust_450
LP002446,Male,Yes,2,Not Graduate,No,2309,1255,125,360,0,Rural,N,cust_451
LP002447,Male,Yes,2,Not Graduate,No,1958,1456,60,300,,Urban,Y,cust_452
LP002448,Male,Yes,0,Graduate,No,3948,1733,149,360,0,Rural,N,cust_453
LP002449,Male,Yes,0,Graduate,No,2483,2466,90,180,0,Rural,Y,cust_454
LP002453,Male,No,0,Graduate,Yes,7085,0,84,360,1,Semiurban,Y,cust_455
LP002455,Male,Yes,2,Graduate,No,3859,0,96,360,1,Semiurban,Y,cust_456
LP002459,Male,Yes,0,Graduate,No,4301,0,118,360,1,Urban,Y,cust_457
LP002467,Male,Yes,0,Graduate,No,3708,2569,173,360,1,Urban,N,cust_458
LP002472,Male,No,2,Graduate,No,4354,0,136,360,1,Rural,Y,cust_459
LP002473,Male,Yes,0,Graduate,No,8334,0,160,360,1,Semiurban,N,cust_460
LP002478,,Yes,0,Graduate,Yes,2083,4083,160,360,,Semiurban,Y,cust_461
LP002484,Male,Yes,3+,Graduate,No,7740,0,128,180,1,Urban,Y,cust_462
LP002487,Male,Yes,0,Graduate,No,3015,2188,153,360,1,Rural,Y,cust_463
LP002489,Female,No,1,Not Graduate,,5191,0,132,360,1,Semiurban,Y,cust_464
LP002493,Male,No,0,Graduate,No,4166,0,98,360,0,Semiurban,N,cust_465
LP002494,Male,No,0,Graduate,No,6000,0,140,360,1,Rural,Y,cust_466
LP002500,Male,Yes,3+,Not Graduate,No,2947,1664,70,180,0,Urban,N,cust_467
LP002501,,Yes,0,Graduate,No,16692,0,110,360,1,Semiurban,Y,cust_468
LP002502,Female,Yes,2,Not Graduate,,210,2917,98,360,1,Semiurban,Y,cust_469
LP002505,Male,Yes,0,Graduate,No,4333,2451,110,360,1,Urban,N,cust_470
LP002515,Male,Yes,1,Graduate,Yes,3450,2079,162,360,1,Semiurban,Y,cust_471
LP002517,Male,Yes,1,Not Graduate,No,2653,1500,113,180,0,Rural,N,cust_472
LP002519,Male,Yes,3+,Graduate,No,4691,0,100,360,1,Semiurban,Y,cust_473
LP002522,Female,No,0,Graduate,Yes,2500,0,93,360,,Urban,Y,cust_474
LP002524,Male,No,2,Graduate,No,5532,4648,162,360,1,Rural,Y,cust_475
LP002527,Male,Yes,2,Graduate,Yes,16525,1014,150,360,1,Rural,Y,cust_476
LP002529,Male,Yes,2,Graduate,No,6700,1750,230,300,1,Semiurban,Y,cust_477
LP002530,,Yes,2,Graduate,No,2873,1872,132,360,0,Semiurban,N,cust_478
LP002531,Male,Yes,1,Graduate,Yes,16667,2250,86,360,1,Semiurban,Y,cust_479
LP002533,Male,Yes,2,Graduate,No,2947,1603,,360,1,Urban,N,cust_480
LP002534,Female,No,0,Not Graduate,No,4350,0,154,360,1,Rural,Y,cust_481
LP002536,Male,Yes,3+,Not Graduate,No,3095,0,113,360,1,Rural,Y,cust_482
LP002537,Male,Yes,0,Graduate,No,2083,3150,128,360,1,Semiurban,Y,cust_483
LP002541,Male,Yes,0,Graduate,No,10833,0,234,360,1,Semiurban,Y,cust_484
LP002543,Male,Yes,2,Graduate,No,8333,0,246,360,1,Semiurban,Y,cust_485
LP002544,Male,Yes,1,Not Graduate,No,1958,2436,131,360,1,Rural,Y,cust_486
LP002545,Male,No,2,Graduate,No,3547,0,80,360,0,Rural,N,cust_487
LP002547,Male,Yes,1,Graduate,No,18333,0,500,360,1,Urban,N,cust_488
LP002555,Male,Yes,2,Graduate,Yes,4583,2083,160,360,1,Semiurban,Y,cust_489
LP002556,Male,No,0,Graduate,No,2435,0,75,360,1,Urban,N,cust_490
LP002560,Male,No,0,Not Graduate,No,2699,2785,96,360,,Semiurban,Y,cust_491
LP002562,Male,Yes,1,Not Graduate,No,5333,1131,186,360,,Urban,Y,cust_492
LP002571,Male,No,0,Not Graduate,No,3691,0,110,360,1,Rural,Y,cust_493
LP002582,Female,No,0,Not Graduate,Yes,17263,0,225,360,1,Semiurban,Y,cust_494
LP002585,Male,Yes,0,Graduate,No,3597,2157,119,360,0,Rural,N,cust_495
LP002586,Female,Yes,1,Graduate,No,3326,913,105,84,1,Semiurban,Y,cust_496
LP002587,Male,Yes,0,Not Graduate,No,2600,1700,107,360,1,Rural,Y,cust_497
LP002588,Male,Yes,0,Graduate,No,4625,2857,111,12,,Urban,Y,cust_498
LP002600,Male,Yes,1,Graduate,Yes,2895,0,95,360,1,Semiurban,Y,cust_499
LP002602,Male,No,0,Graduate,No,6283,4416,209,360,0,Rural,N,cust_500
LP002603,Female,No,0,Graduate,No,645,3683,113,480,1,Rural,Y,cust_501
LP002606,Female,No,0,Graduate,No,3159,0,100,360,1,Semiurban,Y,cust_502
LP002615,Male,Yes,2,Graduate,No,4865,5624,208,360,1,Semiurban,Y,cust_503
LP002618,Male,Yes,1,Not Graduate,No,4050,5302,138,360,,Rural,N,cust_504
LP002619,Male,Yes,0,Not Graduate,No,3814,1483,124,300,1,Semiurban,Y,cust_505
LP002622,Male,Yes,2,Graduate,No,3510,4416,243,360,1,Rural,Y,cust_506
LP002624,Male,Yes,0,Graduate,No,20833,6667,480,360,,Urban,Y,cust_507
LP002625,,No,0,Graduate,No,3583,0,96,360,1,Urban,N,cust_508
LP002626,Male,Yes,0,Graduate,Yes,2479,3013,188,360,1,Urban,Y,cust_509
LP002634,Female,No,1,Graduate,No,13262,0,40,360,1,Urban,Y,cust_510
LP002637,Male,No,0,Not Graduate,No,3598,1287,100,360,1,Rural,N,cust_511
LP002640,Male,Yes,1,Graduate,No,6065,2004,250,360,1,Semiurban,Y,cust_512
LP002643,Male,Yes,2,Graduate,No,3283,2035,148,360,1,Urban,Y,cust_513
LP002648,Male,Yes,0,Graduate,No,2130,6666,70,180,1,Semiurban,N,cust_514
LP002652,Male,No,0,Graduate,No,5815,3666,311,360,1,Rural,N,cust_515
LP002659,Male,Yes,3+,Graduate,No,3466,3428,150,360,1,Rural,Y,cust_516
LP002670,Female,Yes,2,Graduate,No,2031,1632,113,480,1,Semiurban,Y,cust_517
LP002682,Male,Yes,,Not Graduate,No,3074,1800,123,360,0,Semiurban,N,cust_518
LP002683,Male,No,0,Graduate,No,4683,1915,185,360,1,Semiurban,N,cust_519
LP002684,Female,No,0,Not Graduate,No,3400,0,95,360,1,Rural,N,cust_520
LP002689,Male,Yes,2,Not Graduate,No,2192,1742,45,360,1,Semiurban,Y,cust_521
LP002690,Male,No,0,Graduate,No,2500,0,55,360,1,Semiurban,Y,cust_522
LP002692,Male,Yes,3+,Graduate,Yes,5677,1424,100,360,1,Rural,Y,cust_523
LP002693,Male,Yes,2,Graduate,Yes,7948,7166,480,360,1,Rural,Y,cust_524
LP002697,Male,No,0,Graduate,No,4680,2087,,360,1,Semiurban,N,cust_525
LP002699,Male,Yes,2,Graduate,Yes,17500,0,400,360,1,Rural,Y,cust_526
LP002705,Male,Yes,0,Graduate,No,3775,0,110,360,1,Semiurban,Y,cust_527
LP002706,Male,Yes,1,Not Graduate,No,5285,1430,161,360,0,Semiurban,Y,cust_528
LP002714,Male,No,1,Not Graduate,No,2679,1302,94,360,1,Semiurban,Y,cust_529
LP002716,Male,No,0,Not Graduate,No,6783,0,130,360,1,Semiurban,Y,cust_530
LP002717,Male,Yes,0,Graduate,No,1025,5500,216,360,,Rural,Y,cust_531
LP002720,Male,Yes,3+,Graduate,No,4281,0,100,360,1,Urban,Y,cust_532
LP002723,Male,No,2,Graduate,No,3588,0,110,360,0,Rural,N,cust_533
LP002729,Male,No,1,Graduate,No,11250,0,196,360,,Semiurban,N,cust_534
LP002731,Female,No,0,Not Graduate,Yes,18165,0,125,360,1,Urban,Y,cust_535
LP002732,Male,No,0,Not Graduate,,2550,2042,126,360,1,Rural,Y,cust_536
LP002734,Male,Yes,0,Graduate,No,6133,3906,324,360,1,Urban,Y,cust_537
LP002738,Male,No,2,Graduate,No,3617,0,107,360,1,Semiurban,Y,cust_538
LP002739,Male,Yes,0,Not Graduate,No,2917,536,66,360,1,Rural,N,cust_539
LP002740,Male,Yes,3+,Graduate,No,6417,0,157,180,1,Rural,Y,cust_540
LP002741,Female,Yes,1,Graduate,No,4608,2845,140,180,1,Semiurban,Y,cust_541
LP002743,Female,No,0,Graduate,No,2138,0,99,360,0,Semiurban,N,cust_542
LP002753,Female,No,1,Graduate,,3652,0,95,360,1,Semiurban,Y,cust_543
LP002755,Male,Yes,1,Not Graduate,No,2239,2524,128,360,1,Urban,Y,cust_544
LP002757,Female,Yes,0,Not Graduate,No,3017,663,102,360,,Semiurban,Y,cust_545
LP002767,Male,Yes,0,Graduate,No,2768,1950,155,360,1,Rural,Y,cust_546
LP002768,Male,No,0,Not Graduate,No,3358,0,80,36,1,Semiurban,N,cust_547
LP002772,Male,No,0,Graduate,No,2526,1783,145,360,1,Rural,Y,cust_548
LP002776,Female,No,0,Graduate,No,5000,0,103,360,0,Semiurban,N,cust_549
LP002777,Male,Yes,0,Graduate,No,2785,2016,110,360,1,Rural,Y,cust_550
LP002778,Male,Yes,2,Graduate,Yes,6633,0,,360,0,Rural,N,cust_551
LP002784,Male,Yes,1,Not Graduate,No,2492,2375,,360,1,Rural,Y,cust_552
LP002785,Male,Yes,1,Graduate,No,3333,3250,158,360,1,Urban,Y,cust_553
LP002788,Male,Yes,0,Not Graduate,No,2454,2333,181,360,0,Urban,N,cust_554
LP002789,Male,Yes,0,Graduate,No,3593,4266,132,180,0,Rural,N,cust_555
LP002792,Male,Yes,1,Graduate,No,5468,1032,26,360,1,Semiurban,Y,cust_556
LP002794,Female,No,0,Graduate,No,2667,1625,84,360,,Urban,Y,cust_557
LP002795,Male,Yes,3+,Graduate,Yes,10139,0,260,360,1,Semiurban,Y,cust_558
LP002798,Male,Yes,0,Graduate,No,3887,2669,162,360,1,Semiurban,Y,cust_559
LP002804,Female,Yes,0,Graduate,No,4180,2306,182,360,1,Semiurban,Y,cust_560
LP002807,Male,Yes,2,Not Graduate,No,3675,242,108,360,1,Semiurban,Y,cust_561
LP002813,Female,Yes,1,Graduate,Yes,19484,0,600,360,1,Semiurban,Y,cust_562
LP002820,Male,Yes,0,Graduate,No,5923,2054,211,360,1,Rural,Y,cust_563
LP002821,Male,No,0,Not Graduate,Yes,5800,0,132,360,1,Semiurban,Y,cust_564
LP002832,Male,Yes,2,Graduate,No,8799,0,258,360,0,Urban,N,cust_565
LP002833,Male,Yes,0,Not Graduate,No,4467,0,120,360,,Rural,Y,cust_566
LP002836,Male,No,0,Graduate,No,3333,0,70,360,1,Urban,Y,cust_567
LP002837,Male,Yes,3+,Graduate,No,3400,2500,123,360,0,Rural,N,cust_568
LP002840,Female,No,0,Graduate,No,2378,0,9,360,1,Urban,N,cust_569
LP002841,Male,Yes,0,Graduate,No,3166,2064,104,360,0,Urban,N,cust_570
LP002842,Male,Yes,1,Graduate,No,3417,1750,186,360,1,Urban,Y,cust_571
LP002847,Male,Yes,,Graduate,No,5116,1451,165,360,0,Urban,N,cust_572
LP002855,Male,Yes,2,Graduate,No,16666,0,275,360,1,Urban,Y,cust_573
LP002862,Male,Yes,2,Not Graduate,No,6125,1625,187,480,1,Semiurban,N,cust_574
LP002863,Male,Yes,3+,Graduate,No,6406,0,150,360,1,Semiurban,N,cust_575
LP002868,Male,Yes,2,Graduate,No,3159,461,108,84,1,Urban,Y,cust_576
LP002872,,Yes,0,Graduate,No,3087,2210,136,360,0,Semiurban,N,cust_577
LP002874,Male,No,0,Graduate,No,3229,2739,110,360,1,Urban,Y,cust_578
LP002877,Male,Yes,1,Graduate,No,1782,2232,107,360,1,Rural,Y,cust_579
LP002888,Male,No,0,Graduate,,3182,2917,161,360,1,Urban,Y,cust_580
LP002892,Male,Yes,2,Graduate,No,6540,0,205,360,1,Semiurban,Y,cust_581
LP002893,Male,No,0,Graduate,No,1836,33837,90,360,1,Urban,N,cust_582
LP002894,Female,Yes,0,Graduate,No,3166,0,36,360,1,Semiurban,Y,cust_583
LP002898,Male,Yes,1,Graduate,No,1880,0,61,360,,Rural,N,cust_584
LP002911,Male,Yes,1,Graduate,No,2787,1917,146,360,0,Rural,N,cust_585
LP002912,Male,Yes,1,Graduate,No,4283,3000,172,84,1,Rural,N,cust_586
LP002916,Male,Yes,0,Graduate,No,2297,1522,104,360,1,Urban,Y,cust_587
LP002917,Female,No,0,Not Graduate,No,2165,0,70,360,1,Semiurban,Y,cust_588
LP002925,,No,0,Graduate,No,4750,0,94,360,1,Semiurban,Y,cust_589
LP002926,Male,Yes,2,Graduate,Yes,2726,0,106,360,0,Semiurban,N,cust_590
LP002928,Male,Yes,0,Graduate,No,3000,3416,56,180,1,Semiurban,Y,cust_591
LP002931,Male,Yes,2,Graduate,Yes,6000,0,205,240,1,Semiurban,N,cust_592
LP002933,,No,3+,Graduate,Yes,9357,0,292,360,1,Semiurban,Y,cust_593
LP002936,Male,Yes,0,Graduate,No,3859,3300,142,180,1,Rural,Y,cust_594
LP002938,Male,Yes,0,Graduate,Yes,16120,0,260,360,1,Urban,Y,cust_595
LP002940,Male,No,0,Not Graduate,No,3833,0,110,360,1,Rural,Y,cust_596
LP002941,Male,Yes,2,Not Graduate,Yes,6383,1000,187,360,1,Rural,N,cust_597
LP002943,Male,No,,Graduate,No,2987,0,88,360,0,Semiurban,N,cust_598
LP002945,Male,Yes,0,Graduate,Yes,9963,0,180,360,1,Rural,Y,cust_599
LP002948,Male,Yes,2,Graduate,No,5780,0,192,360,1,Urban,Y,cust_600
LP002949,Female,No,3+,Graduate,,416,41667,350,180,,Urban,N,cust_601
LP002950,Male,Yes,0,Not Graduate,,2894,2792,155,360,1,Rural,Y,cust_602
LP002953,Male,Yes,3+,Graduate,No,5703,0,128,360,1,Urban,Y,cust_603
LP002958,Male,No,0,Graduate,No,3676,4301,172,360,1,Rural,Y,cust_604
LP002959,Female,Yes,1,Graduate,No,12000,0,496,360,1,Semiurban,Y,cust_605
LP002960,Male,Yes,0,Not Graduate,No,2400,3800,,180,1,Urban,N,cust_606
LP002961,Male,Yes,1,Graduate,No,3400,2500,173,360,1,Semiurban,Y,cust_607
LP002964,Male,Yes,2,Not Graduate,No,3987,1411,157,360,1,Rural,Y,cust_608
LP002974,Male,Yes,0,Graduate,No,3232,1950,108,360,1,Rural,Y,cust_609
LP002978,Female,No,0,Graduate,No,2900,0,71,360,1,Rural,Y,cust_610
LP002979,Male,Yes,3+,Graduate,No,4106,0,40,180,1,Rural,Y,cust_611
LP002983,Male,Yes,1,Graduate,No,8072,240,253,360,1,Urban,Y,cust_612
LP002984,Male,Yes,2,Graduate,No,7583,0,187,360,1,Urban,Y,cust_613
LP002990,Female,No,0,Graduate,Yes,4583,0,133,360,0,Semiurban,N,cust_614
